category,user,title,content,imgSrc,viewCount,likeCount,createAt,postReplyLists
okky,오늘도커밋,"농구 기록 관련 프로젝트를 하나 해보고 싶은데,,","안녕하세요! 평소 kbl을 좋아해서 선수 기록, 비교 등 관련 개인 프로젝트를 해보려고 하는 프론트엔드 취준생입니다.
제공되는 api가 없다면 선수 기록 같은 데이터들은 크롤링을 해서 활용해야 할까요?",0,226,0,4,"[{""user"": ""\ub354\ubbf8"", ""content"": ""\uac1c\uc778 \ud504\ub85c\uc81d\ud2b8\ub77c\uace0 \ud574\ub3c4 \ud06c\ub864\ub9c1\uc740 \ub2f5\uc774 \uc544\ub2d9\ub2c8\ub2e4."", ""createAt"": ""4""}, {""user"": ""\uc0b6\uc740\uac1c\ubc1c"", ""content"": ""\ub370\uc774\ud130 \ucde8\uae09\uc740 \ud56d\uc0c1 \uc911\uc694\ud558\uae34 \ud558\uc8e0\n\uacf5\uac1c \ube44\uacf5\uac1c \ud655\uc778 \uc798 \ud574\ubcf4\uc2dc\uace0 \ud65c\uc6a9\ud574 \ubcf4\uc2dc\uae38 \ubc14\ub78d\ub2c8\ub2e4.\n\uc5b4\ub5a4 \ub370\uc774\ud130 \uc785\uc218\ucc98\uac00 \uc88b\uc744\uae4c\uc694"", ""createAt"": ""4""}]"
okky,JayKe,안녕하세요 국비 학원으로 시작해보려고 합니다,"시험준비하다 34까지 무경력으로 인생 송두리째 날려먹고 나름 서울 상위권대학 학위 학점 다 무쓸모가 된 잉여인간입니다
어머니가 그쪽으로 더 도전해보길 원하셨지만 합격가능성을 떠나 책만보면 불안증 우울 및 자살생각까지 들어 포기했습니다

무경력자가 이제와 아무 배운것없이 사회진출하긴 사실상 불가능하여 나이 무관하게 먹고 살만한 재주를 찾아보다가 여기까지 왔습니다
공돌이 시절 교양필수로 배웠던 c언어 학점이 좋았고 명령어?같은것들을 입력하고 실행돌리면서 즐겁게 배웠던 기억이 아직 남아있어 늦은 나이에 맨땅에 박아보려고 합니다

관련 커뮤니티들을 검색해보니 국비 출신에 나이많은 노베이스는 취업이 거의 불가능하다고 하던데 최저임금 받으며 수련하는 업무조차도 얻기 어려울까요
가능성이 있다면 죽기살기로 시험공부하듯 절치부심 배우고 버텨볼까 합니다",0,817,1,5,"[{""user"": ""o_mal"", ""content"": ""\uc800\ub3c4 30\uc0b4\uc815\ub3c4\uc5d0 \uc2dc\uc791\ud588\ub294\ub370 \ub2a6\uc9c0 \uc54a\uc558\uc2b5\ub2c8\ub2e4. \uc790\uc2e0\uc744 \uc880\ub354 \ubbff\uace0, \uc790\uc2e0\uac10\uc788\uac8c \ud5e4\uccd0\ub098\uac00\uc138\uc694!"", ""createAt"": ""5""}, {""user"": ""\ud504\ub9ac\ud558\uace0\uc2f6\ub2e4"", ""content"": ""leon808 \ucabc\ub85c\ub85c \uc640\uc11c \ub313\uae00\ub85c \ub610 \ud6c8\uc218\ub450\uaca0\ub124 \u314b\u314b"", ""createAt"": ""5""}, {""user"": ""\ub354\ubbf8"", ""content"": ""\uc74c... \uc774\uc81c 35\ub418\uc2e4\ud150\ub370 \uac00\ub2a5\uc131\uc774 \uc5c6\uc5b4\ubcf4\uc785\ub2c8\ub2e4"", ""createAt"": ""5""}, {""user"": ""\uc0ac\uc9c4"", ""content"": ""\uc11c\uc6b8 \uc0c1\uc704\uad8c\ub300\ud559 \ub098\uc62c\uc815\ub3c4\uba74\n\uacf5\ubd80 \ub9ce\uc774 \ud558\uc2e0\uac83 \uac19\uc740\ub370 ...\n\uc804\uae30, \uc18c\ubc29\ucabd\ub3c4 \uc88b\uc544 \ubcf4\uc774\ub124\uc694\n\n\uc804 \uba38\ub9ac\uac00 \ub098\ube60\uc11c \uc544\uc9c1\ub3c4 it 20\ub144\ucc28 \ud558\uace0 \uc788\ub124\uc694\n\uad6d\ube44\ud559\uc6d0\uc740 \uc2e4\uc5c5\uc790 \uc591\uc131\ud558\ub294 \ud559\uc6d0\uc774 \ub77c\uace0 \uc0dd\uac01\ud558\uace0 \uc788\uc2b5\ub2c8\ub2e4."", ""createAt"": ""5""}, {""user"": ""fork"", ""content"": ""\uc544\ubb34\uac83\ub3c4 \uc548\ud558\ub294 \uac83\ubcf4\ub2e8 100\ubc30 \ub0ab\uc8e0\n\uadfc\ub370 \uc9c4\uc9dc \uc5f4\uc2ec\ud788 \ud558\uc154\uc57c \ud569\ub2c8\ub2e4... \uc9c4\uc9dc\ub85c..."", ""createAt"": ""5""}, {""user"": ""leon808"", ""content"": ""\ucd5c\uadfc \uc800\ud76c \ud68c\uc0ac\uc5d0 30 \uc911\ubc18 \uc2e0\uc785\ubd84 \uacc4\uc2ed\ub2c8\ub2e4\n\uadf8\ub798\ub3c4 \uc774 \ubd84\uc740 \ub2e4\ub978 \ube44\uac1c\ubc1c \uc0ac\ud68c \uacbd\ub825 \uc788\uc73c\uc2dc\uace0 \uac1c\uc778 \uc571 \uac1c\ubc1c \uacbd\ud5d8 \uc788\uc73c\uc154\uc11c \uc0c1\uc0ac\ub2d8\uaed8\uc11c \uc7a0\uc7ac\uc131 \ubcf4\uc2dc\uace0 \ucc44\uc6a9\ud558\uc2e0\uac70 \uac19\uc544\uc694\n\uc544\uc608 \ubd88\uac00\ub2a5\uc740 \uc544\ub2c8\ub77c\uace0 \ubd05\ub2c8\ub2e4 \uc624\ud788\ub824 \ub2e4\ub978 \uc9c1\uc885\uc5d0 \ube44\ud558\uba74 \uc2e4\ub0a0 \uac19\uc740 \ud76c\ub9dd\uc774\ub77c\ub3c4 \uc788\ub2e4\uace0 \uc0dd\uac01\ud574\uc694\n\ub2e4\ub9cc \uc815\ub9d0 \uc5b4\ub824\uc6b4\uac74 \ub9de\uc2b5\ub2c8\ub2e4"", ""createAt"": ""5""}, {""user"": ""alan777"", ""content"": ""\uc694\uc998 it\ucabd \uac1c\ubc1c\ub3c4 \uc0c1\ub2f9\ud788 \ubd88\uacbd\uae30\uc785\ub2c8\ub2e4\n34\uc0b4 \ube44\uc804\uacf5 \uc2e0\uc785 \ucde8\uc5c5 \uc27d\uc9c0\uc54a\uc544\ubcf4\uc774\ub124\uc694"", ""createAt"": ""5""}, {""user"": ""m.koo.kr"", ""content"": ""\uc2e0\uc785\uc774\uc2dc\uba74? \ub9cc 35\uc138\uac00 \ub9c8\uc9c0\ub178\uc120\uc785\ub2c8\ub2e4\n\uc804\uc790/\uc81c\uc5b4/\ud1b5\uc2e0 \uac19\uc740 \ubd84\uc57c\uc5d0 \uc11d\uc0ac\ud559\uc704\uac00 \uc788\uc73c\uc2dc\uba74? \uc870\uae08 \ub354 \uc5f0\uc7a5 \ub420 \uac70\uad6c\uc694\n\ubc15\uc0ac\ud559\uc704\uac00 \uc788\uc73c\uba74? \uc560\ucd08\uc5d0 \uadf8 \ubd84\uc57c\ub85c \uc77c\uc744 \uc2dc\uc791\ud558\ub2c8\uae4c! \uc774\ub7f0 \uace0\ubbfc\uc740 \uc548\ud558\uaca0\ub124\uc694.."", ""createAt"": ""5""}, {""user"": ""duke2"", ""content"": ""\ube44\uc2b7\ud55c \uc0c1\ud669\uc5d0\uc11c \uc2dc\uc791\ud588\ub358 \uc0ac\ub78c\uc73c\ub85c\n\ub098\uc774\ubcf4\ub2e8 \uc624\ud788\ub824 \uc2dc\uae30\uac00 \ub354 \ubb38\uc81c\uc785\ub2c8\ub2e4.\n\uc2dc\uc7a5 \ud480\ub9b4\ub54c\uae4c\uc9c0 \ucde8\uc900\ud560\uc218 \uc788\uc73c\uba74 \ubd88\uac00\ub2a5\uc740 \uc544\ub2d9\ub2c8\ub2e4."", ""createAt"": ""4""}, {""user"": ""JayKe \u00b7 \uc791\uc131\uc790"", ""content"": ""\ud558\uc9c0 \uc54a\uae30\ub85c \ud558\uc600\uc2b5\ub2c8\ub2e4\n\ud76c\ub9dd\uc744 \uc8fc\uc2dc\ub294 \ub2f5\ubcc0, \ud604\uc2e4\uc801\uc778 \ub2f5\ubcc0 \ubaa8\ub450 \uc81c \uc2a4\uc2a4\ub85c \uc790\uad34\uac10\uc744 \uacac\ub38c\ub0b4\uace0 \ub2e4\uc2dc \uc758\uc9c0\ub97c \ucc3e\ub294 \ub370 \ub3c4\uc6c0\uc774 \ub418\uc5c8\uc2b5\ub2c8\ub2e4\n\ubaa8\ub450 \uac10\uc0ac\ub4dc\ub9bd\ub2c8\ub2e4!"", ""createAt"": ""4""}, {""user"": ""\uac1c\ubc1c\uc790\uac00\uc544\ub2cc\uc870\ub9bd\uc790"", ""content"": ""\uadf8\ub0e5 \ud329\ud2b8\ub294 \ub0b4\ub144 35\uc0b4\uc778\ub370 \uc774\uc81c \uc2dc\uc791\ud558\uaca0\ub2e4\ub294\uac78 \ubb34\uc791\uc815\uac00\ub2a5\ud558\ub2e4 \uc598\uae30\ud558\ub294 \uc0ac\ub78c\ub4e4\uc740\n\ubcf8\uc778\uc77c \uc544\ub2c8\ub2c8\uae4c \ub9c9\ub9d0\ud558\ub294 \uc0ac\ub78c\ub4e4\uc774\ub77c\uace0 \ubc16\uc5d4 \uc0dd\uac01\uc774 \uc548\ub4ed\ub2c8\ub2e4.\n\n\ucf54\ub85c\ub098 \uac1c\ubc1c\uc790 \ubc84\ube14\uc2dc\uae30\uc600\uc73c\uba74 \ubaa8\ub97c\uae4c \uc9c0\uae08\uc740 \uac1c\ubc1c\uc790 \uacf5\uae09\uc774 \ub298\uc5b4\ub098\uace0 \uc218\uc694\uac00 \uc904\uc5b4\ub4e4\uace0\uc788\uae30\uc5d0\n\ubb34\ud131\ub300\uace0 \uc2dc\uc791\ud558\uc138\uc694\ub77c\uace0 \uc598\uae30\ud558\uae30\uc5d4 \uc778\uc0dd\uc774 \uac78\ub824\uc788\ub294\uac70\ub2c8\uae4c\uc694.\n\n\uc77c\ub2e8\uc740 \ubcf8\uc778\uc758 \uc804\uacf5\uc0b4\ub824\uc11c \uc77c\ub2e8 \ub4e4\uc5b4\uac08 \uc218 \uc788\ub294 \uacf3\uc73c\ub85c \ucde8\uc9c1\ubd80\ud130 \uba3c\uc800 \ud55c\ub4a4\uc5d0 \ubcf8\uc778 \uc2a4\ud399\uc5c5\uc744 \uc704\ud574\n\ucde8\ubbf8\ub85c \ucf54\ub529\uc744 \ubc30\uc6b4\ub2e4\uc74c \ubcf8\uc778 \uc804\uacf5\uacfc \uc5f0\uad00\ub41c \ubd84\uc57c\uc758 \uac1c\ubc1c\uc790\uc2dc\uc7a5\uc73c\ub85c \uc804\ud658\ud558\ub294\uac74 40\ub118\uc5b4\uc11c\ub3c4 \uac00\ub2a5\ud558\ub2e4\uace0\n\ubd05\ub2c8\ub2e4."", ""createAt"": ""4""}, {""user"": ""DaSA"", ""content"": ""\uc194\uc9c1\ud788 \ub9d0\uc500\ub4dc\ub9ac\uba74 \uadf8 \ub098\uc774\uba74 \uc2e0\uc785\uc73c\ub85c \uc2dc\uc791\ud558\uae30\uc5d0\ub294 \ubb58 \ud574\ub3c4 \ub2a6\uc5c8\uc2b5\ub2c8\ub2e4.\n\uadf8\ub7ec\ub2c8\uae4c \ub2a6\uc5c8\ub2e4\ub294 \ub9d0\uc5d0 \uc2e0\uacbd\uc4f0\uc9c0\ub9c8\uc2dc\uace0 \ucd5c\uc120\uc744 \ub2e4\ud558\uc2dc\uba74 \ub429\ub2c8\ub2e4.."", ""createAt"": ""4""}, {""user"": ""\uac1c\uc774\ub4dd\uc778\uac1c\ubc1c"", ""content"": ""\uc8c4\uc1a1\ud558\uc9c0\ub9cc \ubd88\uac00\ub2a5\ud569\ub2c8\ub2e4.\n\ud76c\ub9dd\uc744 \uaebe\ub294\uac8c \uc544\ub2c8\ub77c \uc9c4\uc9dc \ubd88\uac00\ub2a5\ud569\ub2c8\ub2e4.\n\uc544\ubb34\ub9ac \ud53c\ub098\ub294 \ub178\ub825\uc744 \ud558\uc2dc\ub354\ub77c\ub3c4 \uc2dc\uae30 \ubc0f \uacbd\uc81c\uc0c1\ud669\uc774 \ub108\ubb34 \uc88b\uc9c0 \ubabb\ud569\ub2c8\ub2e4."", ""createAt"": ""4""}, {""user"": ""nordwest"", ""content"": ""\uc751\uc6d0\ud569\ub2c8\ub2e4.\n\uac1c\ubc1c\uc790 \uc911\uc5d0 \uc6d0\uc559 \uc5b4\uc120 \ud0c0\uc2dc\ub2e4 \uac1c\ubc1c \ud558\uc2dc\ub294 \ubd84\ub3c4 \ubd24\uace0\n\uac1c\ubc1c 1\ub3c4 \ubaa8\ub974\uc9c0\ub9cc \uc721\uad70 \ub300\ub839 \uc804\uc5ed PM \ud558\uc2dc\ub294 \ubd84\ub3c4 \ubd24\uace0\n\ud55c\ucabd \ub208\uc774 \uc2e4\uba85 \ub2e4\ub978 \ub208 \uac70\uc758 \uc548\ubcf4\uc774\uc9c0\ub9cc \uac1c\ubc1c \ud558\uc2dc\ub294 \ubd84\ub3c4 \uc788\uc2b5\ub2c8\ub2e4.\n\ub098\uc774\uac00 \ub9ce\uc740 \ub9cc\ud07c \ube60\ub978 \uc131\ucde8\ub97c \ubcf4\uc778\ub2e4\uba74 \uc5b4\ub9b0 \ubd84\ub4e4 \ubcf4\ub2e4 \ube68\ub9ac \uc784\uae08 \uc778\uc0c1\ub3c4 \uac00\ub2a5 \ud569\ub2c8\ub2e4."", ""createAt"": ""4""}]"
okky,momomong,ios 개발자는 요즘 어떤가요? 웹 보다 취업하기 힘든가요?,"최근에 ios개발에 관심이 생겨서 좀 공부해봤는데 이제 2학년 마치고 3학년 올라가는 방학이라 진로를 확실히 결정해야 할것 같은데 ios개발자는 혹시 어떤지 알수 있을까요?
그냥 남들 처럼 웹 프론트 혹은 백으로 준비하는게 맞을지 아니면 어느쪽으로 마음을 결정하는게 맞을지 잘 모르겠습니다..
어차피 웹쪽도 힘들면 관심가는 쪽으로 하는게 맞을지..",0,557,0,5,"[{""user"": ""\uc7a0\uc790\ub294\uc0ac\uc790"", ""content"": ""\ub300\uae30\uc5c5 \uc544\ub2c8\uba74 iOS\uac1c\ubc1c\uc790\ub9cc \ub530\ub85c \ubf51\uc544\uc11c \ub124\uc774\ud2f0\ube0c\uc571 \ub9cc\ub4e4\uc9c0 \uc54a\uaca0\uc9c0\uc694??\nreact-native \uacf5\ubd80\ud558\uc138\uc694\niOS, android \ub2e4 \ub9cc\ub4e4\uc218 \uc788\uc2b5\ub2c8\ub2e4."", ""createAt"": ""5""}, {""user"": ""\ud770\uafc8\ub458"", ""content"": ""\ub135\ub135"", ""createAt"": ""5""}, {""user"": ""tmxmfhd_"", ""content"": ""iOS \uc2e0\uc785\ubd80\ud130 \uc8fc\ub2c8\uc5b4\uae4c\uc9c0 \uacf5\uace0\uac00 \uba87\uac1c\uc5c6\uc5b4\uc11c \uc785\ubb38\uc774\ub77c\uba74 \ube44\ucd94\ud569\ub2c8\ub2e4..\n\ucc44\uc6a9\uc0ac\uc774\ud2b8\uc5d0\uc11c \ud55c\ubc88 \ucc3e\uc544\ubcf4\uc138\uc694"", ""createAt"": ""5""}, {""user"": ""safasdfsdfsdf"", ""content"": ""\uc55e\uc73c\ub85c \uc571\uc2dc\uc7a5 \ud30c\uc774\ub294 \ub354\ub354\uc6b1 \uc904\uc5b4\ub4e4\uac81\ub2c8\ub2e4"", ""createAt"": ""4""}]"
okky,Cfkde,서합률 0% 어떤 걸 준비하면 좋을까요..,"국립대 4년제 공대(컴공x)고 정처기,adsp,컴활 2급, 토스 im2 있습니다
경력은 2년 4개월 있습니다 개발자로 취직했는데 유지보수 업무만 해서 신입으로 지원하고 있어요
2022년에는 이력서 5개 넣으면 2개는 붙었던거같은데 지금은 10개 넣어도 0개네요 코딩테스트 같이 준비하고있는데 예선부터 탈락합니다 ㅎ..
어떤 걸 하면 좋을까요
토익스피킹 점수 ih까지 올리기
계속 자소서 수정하면서 코딩테스트, 면접준비하기
프로젝트 하기",0,1200,1,6,"[{""user"": ""leon808"", ""content"": ""\ud37c\ube14\ub9ac\uc154\uac00 \ud504\ub860\ud2b8, \ubc31\uc5d4\ub4dc\ub85c \uc804\uc9c1\ud558\ub294 \uac83\ub3c4 \uc544\ub2cc\ub370 \uadf8\ub0e5 \uacbd\ub825\uc9c1\uc73c\ub85c \uc9c0\uc6d0\ud558\uba74 \uc548 \ub418\ub098\uc694?\n\uc790\uae30 \uc790\uc2e0\uc744 \ub0ae\ucd94\uc5b4 \uc9c0\uc6d0\ud558\uba74 \ubf51\ub294 \uc0ac\ub78c \uc785\uc7a5\uc5d0\uc11c\ub294 \uc774 \uc0ac\ub78c\uc740 \uc65c \ud558\ud5a5 \uc9c0\uc6d0\uc744 \ud558\uc9c0? \uc790\uc2e0\uc774 \uc5c6\ub098? \uadf8\ub7f0\ub370 \uacbd\ub825\uc774 \uc788\uc5b4\uc11c \ub3c8\uc740 \uc870\uae08\ub9cc \uc9c0\ub098\ub3c4 3\ub144\ucc28\ub85c \uccd0\uc918\uc57c\uaca0\ub294\ub370?\n\uc774\ub798\uc11c \uc0dd\uac01 \ub9ce\uc544\uc9c8\uac70 \uac19\ub2e4\uace0 \ucd94\uce21\ud574\ubd05\ub2c8\ub2e4"", ""createAt"": ""6""}, {""user"": ""\uc6b0\ud5f9\ud5f9"", ""content"": ""\uc720\uc9c0\ubcf4\uc218\ud558\uc168\ub358 \uacbd\ud5d8\uc774\ub791 \ub530\ub85c \ud3ec\ud2b8\ud3f4\ub9ac\uc624 \uc900\ube44\ud558\uc2dc\uba74 \uacbd\ub825\uc774 \uc788\uc73c\uc154\uc11c \ucda9\ubd84\ud788 \ub418\uc2e4 \uac70 \uac19\uc740\ub370..."", ""createAt"": ""6""}, {""user"": ""\uce90\ud2f0"", ""content"": ""\ub9dd\ud558\uc600\uc5b4\uc694. \uc720\uc9c0 \uc5c5\ubb34\ub9cc \ud558\uc600\ub2e4\uba74 \uc9c0\uc6d0\ubd84\uc57c\uac00 \ubc31\uc5d4\ub4dc\uc774\ub098\uc694. \ubc31\uc5d4\ub4dc\ub3c4 \uae30\uc220 \uc2a4\ud0dd\uc774 \uc5b4\ub290 \uc815\ub3c4 \ud2b9\uc815 \uc9c4\uc601\uc5d0 \ud3b8\ud5a5\ub418\uc5b4\uc788\uca4c. \ub9ac\uc5d1\ud2b8 \ub0b4\ubd80 \uc758\uc874\uad00\uacc4 \uc77c\uc218\ub3c4 \uc788\uace0\uc694. \uc544\ubb34\ud2bc \uae30\uc220\uc2a4\ud0dd\uc774 \ud3b8\ud5a5\ub41c \uc9c0\uc6d0\uc11c\ub97c \uc5ec\ub7ec \uc7a5 \uc900\ube44\ud558\uace0 \ub9de\ucda4 \uc9c0\uc6d0\uc11c\ub85c 1\uc7a5\uc744 \ubcf4\ub0b4\uc8fc\uc5b4\uc57c \uc131\uacfc\uac00 \uc88b\ub2e4\uace0 \uc804\ub9dd\ud569\ub2c8\ub2e4."", ""createAt"": ""6""}, {""user"": ""\uac31\uac31\uac31"", ""content"": ""\uc2e4\ub825\uc313\uae30."", ""createAt"": ""6""}, {""user"": ""MSSQL \ud29c\ub108"", ""content"": ""\uc720\uc9c0\ubcf4\uc218\ub3c4 \uac1c\ubc1c\uc785\ub2c8\ub2e4~\uacbd\ub825\uc73c\ub85c \uc9c0\uc6d0\ud558\uc138\uc694~\uc800\uc5f0\ucc28 \uacbd\ub825\uc9c1\ub4e4 \ub9ce\uc774 \ubf51\uc2b5\ub2c8\ub2e4~\uc9c0\uae08\ubd80\ud130\ub77c\ub3c4 \uac1c\ubc1c\uacf5\ubd80 \uc5f4\uc2ec\ud788 \ud558\uc2dc\uad6c\uc694"", ""createAt"": ""6""}, {""user"": ""\ub098\ub97c\uc528"", ""content"": ""10\uac1c \ub123\uc5b4\uc11c 0\uac1c\uba74... \uacbd\ub825\uc5d0\uc11c \uc0ac\uc6a9\ud558\uc2e0 \ud658\uacbd\uc744 \uc801\uc5b4\uc8fc\uc2dc\uba74 \uc870\uc5b8 \ub4dc\ub9ac\uae30 \uc26c\uc6b8 \uac83 \uac19\ub124\uc694."", ""createAt"": ""6""}, {""user"": ""xml\uac1c\ubc1c\uc790"", ""content"": ""\uc791\uc131\uc790\ub2d8 \uc2a4\ud399\uc5d0\ub294 \ud070 \ubb38\uc81c\uac00 \uc5c6\uc2b5\ub2c8\ub2e4.\n\uacbd\uae30\uac00 \uc54a\uc88b\uc544\uc11c \uadf8\ub807\uc2b5\ub2c8\ub2e4.. \uadf8\ub9ac\uace0 \uc560\ucd08\uc5d0 12\uc6d4\uc5d0\ub294 \uc548 \ubf51\uc2b5\ub2c8\ub2e4.\n\ubcf4\ud1b5 \uc124 \ub05d\ub098\uace0, 2\uc6d4\ucbe4\ubd80\ud130 \ub9ce\uc774 \ubf51\uc2b5\ub2c8\ub2e4.\n\uacbd\ub825\uc790\ub4e4\ub3c4 12\uc6d4 \ub9d0\uc5d0 \ud504\ub85c\uc81d\ud2b8 \ub05d\ub098\uace0 \ub098\uc624\uba74 \uc124\uae4c\uc9c0 \uc190\uac00\ub77d \ube68\uace0 \uc788\uc5b4\uc694...\n\uc2e0\uc785\uc740 \ub354 \ubf51\ud788\uae30 \ud798\ub4e4\uc8e0 \u3160"", ""createAt"": ""6""}, {""user"": ""defult"", ""content"": ""\uacbd\ub825\uc774 \uc788\ub294\uc0ac\ub78c\uc774 \uc2e0\uc785\uc9c0\uc6d0\ud558\uba74 \ucef7\ud558\ub294 \ud68c\uc0ac\ub4e4\ub3c4 \uc788\uc2b5\ub2c8\ub2e4.\n\n\uc774\ub7f0\uc2dd\uc73c\ub85c \ub9d0\uc774\uc8e0.\n\uc911\uace0\uc2e0\uc785\uc740 \uc790\uc2e0\uc758 \uc9c0\uc6d0 \uc790\uaca9\ub9c8\uc800 \ubc15\ud0c8\ub2f9\ud574\uc11c \uc790\uaca9\uc0c1\uc2e4\ub85c \ub5a8\uc5b4\uc9c8 \uac01\uc624\ub97c \ud558\uc154\uc57c\ud569\ub2c8\ub2e4.\n\ub124\uc774\ubc84 \uc2e0\uc785\ucc44\uc6a9 : \uae30\uc220\uc9c1\uad70\nQ. \ucd1d \uacbd\ub825\uc774 \ubaa8\uc9d1 \uc9c1\ubb34\uc640 \uc9c1\uc811\uc801\uc73c\ub85c \uc5f0\uad00\ub418\uc9c0 \uc54a\ub294 \uacbd\ub825\uc744 \ud3ec\ud568\ud558\uc5ec 1\ub144 \uc774\uc0c1\uc785\ub2c8\ub2e4.\n\ud574\ub2f9 \uacbd\ub825\uc744 \uc778\uc815\ubc1b\uae38 \uc6d0\ud558\uc9c0 \uc54a\uc544\ub3c4 \uc9c0\uc6d0\ud560 \uc218 \uc5c6\ub098\uc694?\nA. \uc544\uc27d\uc9c0\ub9cc \ubaa8\uc9d1 \uc885\ub8cc\uc77c \uae30\uc900(6/28) \ucd1d \uacbd\ub825\uc774 1\ub144 \uc774\uc0c1\uc778 \ubd84\uc740 \uc9c0\uc6d0 \ub300\uc0c1\uc5d0 \ud3ec\ud568\ub418\uc9c0 \uc54a\uc2b5\ub2c8\ub2e4.\n\ubcf4\uc720\ud558\uace0 \uacc4\uc2e0 \uacbd\ub825\uacfc \uc5f0\uad00 \uc788\ub294 \uacbd\ub825\uc9c1 \uacf5\uace0\ub85c \uc9c0\uc6d0\ud574\uc8fc\uc2dc\uae30 \ubc14\ub78d\ub2c8\ub2e4."", ""createAt"": ""6""}, {""user"": ""Bugfix"", ""content"": ""\uacbd\ub825\uc9c1\uc740 \uacbd\ub825\uc9c1\ub4e4\ub07c\ub9ac \uacbd\uc7c1\uc744 \ud558\ub294\ub370\n\uc2e0\uc785\uc740 \ud559\uc6d0\uc774\uc218\uc0dd\ubd80\ud130 \ud559\uad50 \uc878\uc5c5\uc0dd\ub4e4 \ub2e4\ub4e4\uacfc \uacbd\uc7c1\ud574\uc57c \ud569\ub2c8\ub2e4.\nSM \uacbd\ub825\ub3c4 \ub3c4\uba54\uc778 \uc9c0\uc2dd\uc774 \uc313\uc5ec \uacbd\ub825\uc774 \ub9de\uae30 \ub54c\ubb38\uc5d0 \uc704\ucd95\ub418\uc2e4 \ud544\uc694\uac00 \uc5c6\uc2b5\ub2c8\ub2e4.\n\uadf8\ub9ac\uace0 \uc2e0\uc785\uc778\ub370 \uacbd\ub825\uc774 \uc9c0\uc6d0\ud558\uba74 \uc2e4\ub825\uc774 \uc5c6\ub098 \ud558\uac70\ub098 \uc774\uc2dc\uae30 \uc9c0\ub098\uba74 \ub3c4\ub9dd\uac00\uc9c0 \uc54a\uc744\uae4c \ud558\ub294 \uc0dd\uac01\ub3c4 \ud569\ub2c8\ub2e4."", ""createAt"": ""6""}]"
okky,설록차,일본 도쿄에서 개발자로 일하시는 분들께 질문드립니다,"도쿄 신주쿠 소재의 SUHO에 대해서 소문이나 후기를 알고 계신 분 계실까요
취업 후기 사이트를 봐도 정보가 아무것도 없어서 어떤 회사인지 경험자의 후기를 들을 수 있으면 좋겠습니다",0,640,0,6,"[{""user"": ""chytonpide"", ""content"": ""https://biz-maps.com/item/gm1y34qxZo\n\ub300\ud45c\uac00 \ud55c\uad6d\ubd84\uc774\uc2dc\ub124\uc694?"", ""createAt"": ""6""}, {""user"": ""\ub098\ub97c\uc528"", ""content"": ""\ucde8\uc5c5\uc774 \ub9ce\uc774 \uae09\ud558\uc2dc\uba74 \uc77c\ub2e8 \uac00\uc11c \ubc30\uc6b0\ub294 \uac78 \ucd94\ucc9c \ub4dc\ub9bd\ub2c8\ub2e4. \ud558\uc9c0\ub9cc, \uace0\uc0dd\uc740 \uc5c4\uccad\ud558\uac8c \ub418\uc2e4\uac70\uc5d0\uc694."", ""createAt"": ""6""}]"
okky,packsibong,프리 sm vs 중소 정규직,"안녕하세요 백엔드 경력 2년 4개월 남짓의 초보개발자입니다
스펙은 전문대졸 기사자격증 보유중이고 내년 방통대 다니면서 학사취득 예정입니다. 프리와 정규 면접본곳 둘 다 이전직장과는 다른언어이구요 
너무나도 고민되어서 조언구합니다
현재 프리 sm 월420 하나 확정된게있습니다
그리고 오늘 중소 정규직 면접봤는데 확정은아니지만 확정된다면 3600(직전연봉과 같음)받을 것 같습니다.
중소라서 딱히 별다른 복지는 기대하지 않고있습니다.
둘 다 확정된다면 어디로 가는게 미래를 봤을때 좋을까요?
안정성 생각하면 후자가 맞을 것 같은데 당장 눈앞의 금액보니... 
선배님들의 조언이 필요합니다. 감사합니다.
PS. 이전에 질문한번드렸었는데 큰 도움이 되었습니다. 댓글달아주신분들 감사합니다",0,777,0,6,"[{""user"": ""\ud55c\uc548\uc544"", ""content"": ""\uc2e0\uc785\uc740 \uc911\uc18c \uc815\uaddc\uc9c1\uc5d0\uc11c \uacbd\ud5d8\uc744 \uc313\ub294\uac8c \uc548\uc815\uc801\uc774\uae34 \ud55c\ub370...\n\ub3c8\ub9cc\ubcf4\uba74 SM gogo"", ""createAt"": ""6""}, {""user"": ""\ud504\ub808\uc774\uc57c"", ""content"": ""\uae30\uac04\uc774\ub77c\ub358\uc9c0 \uc5c5\ubb34\ub0b4\uc6a9 \uc0c1\uc138\uc815\ubcf4\uac00 \uc788\uc74c \ud310\ub2e8\uc774 \uc880 \ub098\uc744\ub4ef\uc5ec.\nsm\uc774\uba74 1\ub144 \uacc4\uc57d\uc774\ub77c\uba74 \uadf8\uac8c \ub098\uc544\ubcf4\uc774\ub124\uc5ec\n\uc815\uaddc\uc9c1\uc774\ub77c\uace0 \ud574\ub3c4 \ud68c\uc0ac \ub0b4\uadfc\uc9c1 \uc544\ub2c8\uba74 \ud30c\uacac\ubcf4\ub0bc\uac83 \uac19\uc73c\ub2c8"", ""createAt"": ""6""}, {""user"": ""\ucd98\uc2dd\uc789"", ""content"": ""\ubcf8\uc778\uc774 \ud604\uc7ac \uc790\uae30 \uc2e4\ub825\uc5d0 \uc790\uc2e0\uc774 \uc788\uc73c\uc2dc\uba74 \ud504\ub9ac\ub79c\uc11c \uac00\uc2dc\uace0\n\uadf8\uac8c \uc544\ub2c8\uba74 \uc815\uaddc\uc9c1\uc73c\ub85c \uc880 \ub354 \uc2e4\ub825,\uacbd\ud5d8 \uc313\uc73c\uc138\uc694\n\n\ud504\ub9acsm\uc5d0\uc11c \ubb54\uac00\ub97c \ubc30\uc6cc\uac00\uae30\uac00 \uc27d\uc9c0 \uc54a\uad6c\uc694,\n\uc800\uc5f0\ucc28\uc77c\ub54c\ub294 \ubcf8\uc778\uc744 \ub04c\uc5b4\uc904 \uc120\ubc30\ub4e4\uc774 \ud544\uc694\ud569\ub2c8\ub2e4."", ""createAt"": ""6""}, {""user"": ""qwer1232"", ""content"": ""3\ub144\ucc28\uc5d0 3600\uc740 \uc880 \ub9ce\uc774\uc791\uc740\uac70 \uac19\uc740\ub370 \uc815\uaddc\uc9c1\uc73c\ub85c 4\ucc9c \ud55c\ubc88 \ud2b8\ub77c\uc774\ud574\ubcf4\uc2dc\uc96c"", ""createAt"": ""6""}, {""user"": ""Bugfix"", ""content"": ""\ud504\ub9ac\ub294 \uc7a5\uc810\uc774 \uc815\uaddc\uc9c1\uc5d0 \ube44\ud558\uc5ec \ub9ce\uc774 \ubc1b\ub294\ub2e4\ub294 \uac81\ub2c8\ub2e4.\n\uadf8\ub7f0\ub370 \ud604\uc7ac \ubc1c\uc8fc \ud504\ub85c\uc81d\ud2b8\uac00 \uc801\uc5b4\uc838 \ubd88\uc548\uc815\uc801\uc778 \ubc18\uba74 \ub2e8\uac00\ub3c4 \ub9ce\uc774 \ub0b4\ub824\uac00\ub294 \ucd94\uc138 \uc785\ub2c8\ub2e4.\n\ud2b9\ud788 \uacbd\ub825 \ub9cc4\ub144-6\ub144 \ubbf8\ub9cc\uc740 \ud504\ub9ac\uc2dc\uc7a5\uc5d0\uc11c \ubc1c\uc8fc\uc0ac\uac00 \uadf8\ub2e4\uc9c0 \uc120\ud638\ud558\uc9c0\ub3c4 \uc54a\uc2b5\ub2c8\ub2e4.\n\uc815\uaddc\uc9c1\uc758 \uacbd\uc6b0 \ud504\ub9ac\ub79c\uc11c \uacbd\ub825\uc774 \ub9ce\uc73c\uba74 \uadfc\ubb34\uc870\uac74\uc774 \uc88b\uc740 \ud68c\uc0ac\ub4e4\uc5d0\uc11c\ub294 \uaebc\ub9ac\ub294 \uacbd\ud5a5\ub3c4 \uc788\uae30 \ub54c\ubb38\uc5d0\n\ud504\ub9ac\ub79c\uc11c\ub85c\uc11c \ucda9\ubd84\ud55c \uc784\uae08\uc744 \ubcf4\uc7a5\ubc1b\uc9c0 \uc54a\uc73c\uba74 \uace0\ubbfc\uc744 \ud574\ubd10\uc57c \ud569\ub2c8\ub2e4."", ""createAt"": ""5""}, {""user"": ""\uc804\ub6b1\uc774\uc778\ub370\uc694"", ""content"": ""\ud504\ub9ac sm \ub3c4 \uac70\uc758 \ud070 \uc0ac\uace0\ub9cc \uc548\ub098\uba74 \uc624\ub798 \uc77c \ud560 \uc218 \uc788\uc5b4\uc694 \uc800 \uac19\uc73c\uba74 \ud504\ub9ac sm \ub4e4\uc5b4\uac00\uc11c \uc88b\uc740 \uc815\uaddc\uc9c1 \ud68c\uc0ac \ub178\ub9ac\uaca0\uc2b5\ub2c8\ub2e4 \uc544\ub2c8\uba74 \ud504\ub9acsm \uc5f4\uc2ec\ud788 \ud574\uc11c \uc815\uaddc\uc9c1\uc73c\ub85c \uc804\ud658 \ub420 \uc218\ub3c4 \uc788\ub294\uac70\uad6c\uc694\n\uc5f0\ubd09 3600\uc740 \ub118 \uc801\ub124\uc694 \uc6d4 420 \uc218\ub839\uc774\uba74 \uc5f0\ubd09\uc73c\ub85c \uac70\uc758 6100 \uc778\uac74\ub370.."", ""createAt"": ""5""}]"
okky,ehdgh1234,졸업유예를 하고싶은데 취업을 해도 되나요?,"제가 건축사사무소를 교수님 추천을 통하여 알게되고 내년부터 출근을 하기로 했습니다. 아직 서류 작성같은 건 안했습니다.
제가 설계 전공이 아니다보니 공모전 참여도 저조하고 포트폴리오가 부족해 내년에 학생 공모전을 참여하고 싶어 졸업유예를 하려 했거든요 혹시 졸업 유예하면 학생 신분인데 직장에 다니는건 괜찮을까요? 대표님께 여쭤보긴 하겠지만 취업자가 졸업유예한 사례도 있나 싶어서 여기에 적어봅니다",0,409,0,6,"[{""user"": ""\ub354\ubbf8"", ""content"": ""\ud68c\uc0ac\ub9c8\ub2e4 \ub2e4\ub985\ub2c8\ub2e4"", ""createAt"": ""6""}, {""user"": ""xml\uac1c\ubc1c\uc790"", ""content"": ""\uc5c5\uacc4\ub9c8\ub2e4 \ub2ec\ub77c\uc11c \uc815\ub2f5\uc774 \uc5c6\uc2b5\ub2c8\ub2e4.\n\ub9cc\uc57d \uacbd\ub825 \uc0b0\uc815\uc744\ud558\ub294 \uc5c5\uacc4\ub77c\uba74.. \ub300\ud559 \uc878\uc5c5\ud558\uae30 \uc804\uc758 \uacbd\ub825\uc740 '\uace0\uc878\uc758 \uacbd\ub825'\uc73c\ub85c \ucde8\uae09\ub429\ub2c8\ub2e4.\n\ud558\ub294 \uc77c\uc740 \ub611\uac19\uc740 \ub370, '\uace0\uc878 \uc2dc\uc808\uc758 \uacbd\ub825\uc740 \uace0\uc878\uc774 \ud560\ub9cc\ud55c \uc77c\uc774\ub2e4.'\ub77c\ub294 \ub17c\ub9ac\ub85c \uc5b5\uae4c\ub2f9\ud560 \uc218 \uc788\uc2b5\ub2c8\ub2e4.\n\ud559\uad50 \uc120\ubc30\ub4e4\uc774\ub098 \ud68c\uc0ac \uc0ac\ub78c\ub4e4\uacfc \uc774\uc57c\uae30\ud574\ubcf4\uc2dc\ub294 \uac8c \uc88b\uc744 \uac83 \uac19\uc2b5\ub2c8\ub2e4."", ""createAt"": ""6""}, {""user"": ""\ud504\ub808\uc774\uc57c"", ""content"": ""\uc798 \ud611\uc758\ub9cc \ub418\uba74 \uac00\ub2a5\ud558\uae30\ub3c4 \ud558\ub2c8 \uc798 \ub9d0\uc500\ub4dc\ub824 \ubcf4\uc138\uc5ec."", ""createAt"": ""6""}, {""user"": ""Bugfix"", ""content"": ""\uadf8\ub0e5\uc800\ub0e5 \uacbd\ub825\uc313\uace0 \uac74\ucd95\uc0ac \ucde8\ub4dd \ud558\uc2e4\uac70\uba74 \uc801\ub2f9\ud55c\uacf3 \uac00\uc154\uc11c 1\ub144\uc774\ub77c\ub3c4 \uacbd\ub825 \ube68\ub9ac \uc313\ub294\uac8c \uc88b\uad6c\uc694.\nTV \uc5d0\uc11c \ubcf4\ub294 \uac74\ucd95 \ub514\uc790\uc778 \uc124\uacc4\ub97c \ud558\uace0 \uc2f6\uc73c\uc2e0 \uacbd\uc6b0 \uc720\ub7fd\ucabd\uc73c\ub85c \uc720\ud559\uc744 \uac14\ub2e4\uc624\ub294\uac8c \uc88b\uc2b5\ub2c8\ub2e4.\n\uc77c\ubc18\uc801\uc778 \uacbd\uc6b0 \uc124\uacc4\ucabd\uc73c\ub85c\ub294 \uc77c\ubc18 \uc124\uacc4 \ud68c\uc0ac \ub4e4\uc5b4\uac00\uc11c\ub294 TV \uc5d0\uc11c \ubcf4\ub294 \uba4b\uc788\ub294 \uc124\uacc4\ud558\uace0 \uadf8\ub7f0 \uae30\ud68c\uac00 \uc798 \uc548\uc0dd\uae41\ub2c8\ub2e4."", ""createAt"": ""6""}, {""user"": ""\uc634\ub1f8\ub1f8\ub1f8"", ""content"": ""\uc800\uc694 \ucde8\uc5c5 \uc548\ub420\uae4c\ubc14 \uc878\uc720\ud588\ub294\ub370 \uc6b4\uc88b\uac8c \ucde8\uc5c5\uc774 \ub3fc\uc11c \uc815\uc2e0\uc5c6\uc774 \ud68c\uc0ac\ub2e4\ub2c8\ub2e4\uac00\n\uc878\uc5c5 \uc694\uac74\uc744 \ubabb \ub9de\ucdb0\uc11c \uac15\uc81c \uc878\uc720 \ud55c \ud559\uae30 \ub354\ud558\uace0 \ud68c\uc0ac \ub2e4\ub2c8\uace0 \uc788\ub124\uc694"", ""createAt"": ""6""}]"
okky,kari342,방통대 고민,"안녕하세요. 선배님들
비전공 국비로 시작해 이제 2년차가 되는 개발자입니다.
현재는 si에서 현업으로 java, vue를 사용하고 있습니다.
본론은 제가 현재 2년제 전문대졸이며, 방통대를 하는 게 좋을 지에 대한 질문입니다.
질문 자체가 모호하다는 것은 알고 있는데 어떠한 점이 도움이 되는 지 방통대 보다 현업에 더 집중하는 것이 맞는지
궁금해서 질문을 올리게 되었습니다.
현실적인 조언 주시면 감사하겠습니다!",0,643,0,6,"[{""user"": ""\ub300\uae382"", ""content"": ""\ubb34\uc870\uac74 \ud558\uc0bc \ubc29\ud1b5\ub300 4\ud559\ub144\uc778\ub370 \ucc57\uc9c0\ud53c\ud2f0\ub85c \uacfc\uc81c\ud558\uba74 \ub418\uace0 \uc77c\ud558\uba74\uc11c \ud560\ub9cc\ud568"", ""createAt"": ""6""}, {""user"": ""\uc6d4\uae09\uc740\ub098\uc758\ube5b"", ""content"": ""\ubc29\ud1b5\ub300\ub97c \ub2e4\ub140\uc11c \uc190\ud574 \ubcfc \uc77c\uc774 \uc5c6\uc9c0 \uc54a\ub098\uc694? \ub4e4\uc5b4 \ubcf8 \ud48d\uc6d4\uc774 \ub9ce\uc740 \uac8c \ud6e8\uc52c \uc88b\uc2b5\ub2c8\ub2e4."", ""createAt"": ""6""}, {""user"": ""Lzlzlzzz"", ""content"": ""\ucd5c\uc885\ud559\uc704\uac00 \uc804\ubb38\ud559\uc0ac\uc778 \uac83\ubcf4\ub2e4\ub294 \ub300\uc6b0\uac00 \ub098\uc744\uac81\ub2c8\ub2e4."", ""createAt"": ""6""}, {""user"": ""\ub354\ubbf8"", ""content"": ""\ud559\uc0ac \uc788\ub294\uac8c \uc88b\uc2b5\ub2c8\ub2e4"", ""createAt"": ""6""}, {""user"": ""TomHardy"", ""content"": ""\ud559\uc810\uc740\ud589\uc81c \ud559\uc810\ub530\uace0, \ubc29\ud1b5\ub300 3\ud559\ub144 \ud3b8\uc785\ud574\uc11c \uc878\uc5c5\ud588\ub294\ub370, \uc5ec\uc720 \uc788\uc73c\uc2dc\uba74 \ub2e4\ub2c8\uc2dc\ub294\uac78 \ucd94\ucc9c\ub4dc\ub9bd\ub2c8\ub2e4."", ""createAt"": ""6""}, {""user"": ""\ud0a4\ub9ac\ub9c1"", ""content"": ""\ubc29\ud1b5\ub300 \uc878\uc5c5\uc0dd \uc785\ub2c8\ub2e4.\n\uc800\ub3c4 \ub2d8 \ucc98\ub7fc \uc804\ubb38\ub300\ub97c \ub098\uc640\uc11c \ubc29\ud1b5\ub300 3\ud559\ub144 \ud3b8\uc785 \ud6c4 \uc878\uc5c5\ud55c \uacbd\uc6b0\uc778\ub370\uc694.\n\uc2dc\ud5d8 \uc804 1~2\uc8fc \uc815\ub3c4\ub9cc \uacf5\ubd80\ud558\uba74 \ub418\uace0 \ub098\ub984 \ud560\ub9cc \ud569\ub2c8\ub2e4. \ud559\ube44\uac00 \ube44\uc2fc\ud3b8\ub3c4 \uc544\ub2c8\ub77c\uc11c\uc694.\n\uc5b4\ub290 \uacfc\ub97c \uac08\uc9c0 \ubab0\ub77c\ub3c4 \uc800 \ucc98\ub7fc \ucef4\ud4e8\ud130\ub85c \uac00\uc2e0\ub2e4\uba74 \ud559\ube44 30~40 \ub9cc\uc6d0 \uc815\ub3c4 \ud560\uaecd\ub2c8\ub2e4.\n\ud604\uc5c5\uc790\uace0 \uc804\ubb38\ub300\ub97c \ub098\uc654\uc73c\ub2c8 3\ud559\ub144\uc73c\ub85c \ud3b8\uc785\ud558\uc154\uc11c \ucef4\ud130\uacfc\ub97c \ub2e4\ub2c8\uc2dc\ub294\uac8c \ud559\uc810 \ub530\uae30\ub3c4 \uc27d\uace0 \uc88b\uc744\uaebc\uc5d0\uc694.\n\uc804 \ucc98\uc74c\uc5d0 \uc778\uacf5\uc9c0\ub2a5 \ub4e4\uc5b4\uac14\ub2e4\uac00 \uacfc \uc62e\uacbc\uc2b5\ub2c8\ub2e4...\n\n\uc774\ud6c4 \uc5ec\uc720\uac00 \ub41c\ub2e4\uba74 \uad6d\ub9bd\ub300 \uc11d\uc0ac\ub3c4 \ud55c\ubc88 \uc900\ube44\ud574 \ubcfc \uc0dd\uac01\uc785\ub2c8\ub2e4. \uadf8\ub7ec\uba74 \ud559\ub825 \uc138\ud0c1\ub3c4 \ub418\ub2c8\uae4c\uc694.\n\uadf8\ub7f0 \uc758\ubbf8\uc5d0\uc11c 3\ud559\ub144 \ud3b8\uc785\uc73c\ub85c \ud574\uc11c 2\ub144\ub9cc \ud558\uba74 \ub418\uace0, \uc2e4\uc81c \ud559\uc5c5 \uc2dc\uac04\uc73c\ub85c \ub530\uc9c0\uba74 \ud55c \ud559\uae30 3\uac1c\uc6d4, 4\ud559\uae30\ub2c8\uae4c \ucd1d 12\uac1c\uc6d4\uc778 1\ub144 \ubc16\uc5d0 \uc548\ub418\ub2c8 \uc548\ud560 \uc774\uc720\uac00 \ub531\ud788 \uc5c6\ub2e4 \uc0dd\uac01\ud569\ub2c8\ub2e4."", ""createAt"": ""6""}, {""user"": ""xml\uac1c\ubc1c\uc790"", ""content"": ""\ubc29\uc1a1\ub300 \ub2e4\ub2c8\uba74\uc11c \ucda9\ubd84\ud788 \uc878\uc5c5 \uac00\ub2a5\ud569\ub2c8\ub2e4."", ""createAt"": ""6""}, {""user"": ""\ucf54\uac00\ub354"", ""content"": ""\uac00\uc138\uc694~~~~~"", ""createAt"": ""6""}, {""user"": ""safasdfsdfsdf"", ""content"": ""\ub458\ub2e4 \ud558\uc154\uc57c\ud558\ub294\ub370 \ubc29\ud1b5\ub300\ub3c4 \ubb34\uc870\uac74 \ud558\uc138\uc694 \ubb34\uc801\uad8c\uc774\uc694 \ud574\uc678\uac08\uc218\ub3c4\uc788\ub290\uac70\uace0 \uc0ac\ub78c\uc77c \uc5b4\ucc0c\ub420\uc9c0 \ubaa8\ub985\ub2c8\ub2e4"", ""createAt"": ""6""}]"
okky,weweeww,중견기업 전산업무 신입입니다 조언 부탁드립니다.,"이번에 중견기업 전산직 신입으로 들어갔습니다
ERP 자체 개발은 안하고 네트워크랑 시스템 유지보수, PC 유지 관리 업무를 하고있는데
나중에 대기업이나 공기업 이직을 위해서 필요한 기술이나 자격증 조언 부탁드립니다.
현재 정보처리기사, sqld, ADsp, 토익 보유중입니다 감사합니다",0,645,0,6,"[{""user"": ""allinux"", ""content"": ""\uc5b4\ub514\ub85c \uc774\uc9c1\ud560 \uacc4\ud68d\uc778\ub370\uc694? \uacc4\ud68d\ub3c4 \ubaa8\ub974\ub294\ub370 \uc870\uc5b8\ub3c4 \ubd88\uac00\ub2a5\ud558\uaca0\uc9c0\uc694."", ""createAt"": ""6""}]"
okky,EliteXD,안녕하세요 3년차 개발자 입니다. 선배님들 조언 부탁드립니다.,"안녕하세요.
중소기업에서 SM과 SI 업무를 병행하고 있는 주니어 개발자입니다.
현재 사용 중인 스택은 Django와 JavaScript이며,
백엔드와 프론트엔드(마크업 제외) 업무를 모두 맡고 있습니다.
제가 판단하기에 백엔드보다 프론트엔드에 더 강점이 있다고 생각하며,
특히 JavaScript를 활용한 프론트엔드 업무 경험이 많습니다.
다만, DevOps, 데이터베이스 설계, 대규모 트래픽 처리 경험이 부족해
백엔드 분야에서의 경쟁력이 다소 떨어진다는 느낌을 받고 있습니다.
앞으로 CSS, HTML, React.js, Tailwind, TypeScript 등을 배우며
프론트엔드로 포지션을 전환하는 것에 대해 어떻게 생각하시나요?
조언 부탁드립니다.",0,695,0,6,"[{""user"": ""qwer1232"", ""content"": ""\uc74c.. \ube44\uc2b7\ud55c \uc5f0\ucc28\ub77c \ubc18\uac11\uc2b5\ub2c8\ub2e4 \uc800\ub3c4 \ub144\ucc28\ub85c\ub294 4\ub144\ucc28\uc815\ub3c4 \ub418\ub294 \uac83 \uac19\uc544\uc694 \ub9d0\uc500\ub4dc\ub9b4 \uc2e4\ub825\uc774 \ubd80\uc871\ud560 \uc218\ub3c4 \uc788\uac9f\ub124\uc694\n\uadf8\ub807\uc9c0\ub9cc \uc81c\uac00 \uc0dd\uac01\ud558\uae30\uc5d4 \uc27d\uc9c0\uc54a\uc2b5\ub2c8\ub2e4.\n\n1. \ub9c8\ud06c\uc5c5\uc744 \uc544\uc608 \ud574\ubcf4\uc9c0 \uc54a\uc74c > \uc774\uac8c \uc65c \ubb38\uc81c\uac00 \ub418\ub0d0\uba74 \ubc18\uc751\ud615\uc740 \uc5b4\ub5bb\uac8c\ud560\uac74\uc9c0 \ub514\ubc14\uc774\uc2a4\ub9c8\ub2e4 \uc5b4\ub5bb\uac8c \ucc98\ub9ac\ud558\uace0 \uc6f9\ubdf0\ub97c \uc5b4\ub5bb\uac8c \ub514\ubc84\uae45 \ud558\ub294\uc9c0 \ub4f1 \uad00\ub828 \uacbd\ud5d8\uc774 \ubd80\uc871\ud568\n2. react\ub098 next.js,ts \ub4f1\uc744 \uc0ac\uc6a9\ud574 \ubcf4\uc9c0\uc54a\uc74c > \uc61b\ub0a0\uc774\ub77c \ubc14\ub2d0\ub77c \uc790\ubc14\uc2a4\ud06c\ub9bd\ud2b8 \uc798\ud558\uba74 \ubb50 vue, react\ub2e4 \uc798\ud560 \uc218 \uc788\ub2e4\ud558\uc9c0\ub9cc \uc694\uc998\uc740 \ubb3c\ub860 \ucc98\uc74c\uc5d0 \uc2dc\uc791\ud558\uae30\uc5d0 \uc88b\uae34\ud558\uaca0\uc8e0 \uadfc\ub370 next\ub9cc\ud574\ub3c4 \uc5c4\uccad \ubc29\ub300\ud574\uc84c\uace0 ssr\uc774\ubb54\uc9c0 csr\uc774 \ubb54\uc9c0 ssg\uac00 \ubb54\uc9c0 \ub4f1\ub4f1 \ucf54\ub4dc\uc2a4\ud50c\ub9bf\ud305, \uc624\uc9c0\ud0dc\uadf8, \ud398\uc774\uc9c0\ub77c\uc6b0\ud130 , \uc571\ub77c\uc6b0\ud130 , \ub9ac\uc561\ud2b8\ucffc\ub9ac, \uc804\uc5ed\uc0c1\ud0dc\uad00\ub9ac ,\ud14c\uc2a4\ud2b8(react-testing or jest or story book \ub4f1) \uac4d \uc54c\uc544\uc57c \ud560\uac8c \ucc9c\uc9c0\uc785\ub2c8\ub2e4.\n\n\n\uadfc\ub370 \uad73\uc774 \uc774\uac78 \ub2e4 \uc544\ub294 \uac19\uc740 \ub144\ucc28\uc5d0 \ud504\ub860\ud2b8\uc5d4\ub4dc\ub97c \ubf51\uc9c0 \uadf8\ub3c8\uc8fc\uace0 \uc65c \uc560\ub9e4\ud55c \ubc31\uc5d4\ub4dc \uac1c\ubc1c\uc790\ub97c \ucc44\uc6a9\uc744 \ud560\uae4c\uc694?\n\uadf8\ub098\ub9c8 \uc5f0\ubd09\uc744 \ub0ae\ucdb0\uc11c \uac00\ub358\uac00.....\uc74c.... \uadfc\ub370 \uc694\uc998 \uc2e0\uc785\uc774 \ub108\ubb34 \uc798\ud574\uc11c.. \uc798\ubaa8\ub974\uaca0\ub124\uc694 ..."", ""createAt"": ""6""}, {""user"": ""allinux"", ""content"": ""\ubaa9\ud45c\uac00 \ubb34\uc5c7\uc778\uac00\uc694? \uacc4\ud68d\uc774\ub098 \ubaa9\ud45c\ub97c \uc54c\uc544\uc57c \ud604\uc2e4\uc801\uc778 \uc870\uc5b8\uc774 \uac00\ub2a5\ud560\uac81\ub2c8\ub2e4."", ""createAt"": ""6""}]"
